url,BIM Modeling,CAD,mechanical,industrial,piping,power generation
decco.com,YES,YES,YES,YES,YES,NO
deltamechllc.com,NO,NO,YES,YES,NO,NO
denronph.com,NO,NO,NO,NO,NO,NO
mainhvac.com,NO,YES,YES,YES,YES,NO
h-m-inc.com,NO,NO,YES,NO,NO,NO
nbkenney.com,NO,YES,YES,YES,YES,NO
airetechmechanical.com,NO,NO,YES,NO,NO,NO
eamanti.com,NO,NO,YES,YES,YES,NO
johnsonandjordan.com,NO,YES,YES,NO,NO,NO
beaconpiping.com,NO,YES,YES,YES,YES,NO
shire.com,NO,YES,NO,YES,NO,NO
northernpeabody.com,NO,NO,YES,YES,NO,NO
notch.com,NO,YES,YES,YES,YES,YES
neair.com,NO,YES,YES,YES,YES,NO
jobs.shire.com,NO,YES,NO,NO,NO,NO
investors.shire.com,NO,NO,NO,YES,NO,NO
ar2011.shire.com,NO,NO,NO,NO,NO,NO
ar2010.shire.com,NO,NO,NO,NO,NO,NO
html.investis.com,NO,NO,NO,NO,NO,NO
arcmech.com,NO,NO,YES,YES,YES,NO
bostonmechanicalservices.com,NO,NO,YES,YES,YES,NO
northeasternmech.com,NO,NO,NO,NO,NO,NO
allstateconstructioninc.com,NO,NO,YES,YES,YES,NO
leonelectric.com,NO,NO,NO,NO,NO,NO
warrenmech.com,NO,NO,YES,YES,YES,NO
mjmoraninc.com,NO,NO,YES,YES,YES,NO
maineenergy.net,NO,NO,NO,NO,YES,NO
lakehvac.com,NO,NO,YES,YES,YES,NO
nsmech.com,NO,YES,YES,YES,YES,NO
packtimco.com,NO,NO,NO,NO,YES,NO
ranormech.com,NO,NO,YES,YES,NO,NO
cacmsi.com,NO,NO,YES,YES,YES,NO
amivt.com,NO,NO,YES,YES,YES,NO
marandola.net,NO,NO,YES,YES,NO,NO
jec-company.com,NO,NO,YES,NO,NO,NO
ffmechanical.com,NO,YES,YES,NO,YES,NO
pittsfieldpipers.com,NO,NO,YES,YES,NO,NO
abmmechanical.com,YES,YES,YES,YES,YES,NO
rthmechanical.com,NO,NO,YES,NO,NO,NO
kleeberg.com,NO,YES,YES,YES,YES,NO
de3.php.net,NO,NO,NO,NO,NO,NO
angelscents.marandola.net,NO,NO,NO,NO,NO,NO
gary.marandola.net,NO,NO,NO,NO,NO,NO
marieucsb.marandola.net,NO,NO,YES,NO,NO,NO
fergusoncontractors.com,NO,YES,YES,YES,YES,NO
eckhardtjohnson.com,NO,YES,YES,YES,YES,NO
pinnaclepiping.com,NO,NO,YES,NO,YES,NO
larkinhathaway.com,NO,NO,NO,NO,NO,NO
bremco.com,NO,NO,NO,YES,YES,NO
enterpriseequip.com,NO,NO,YES,NO,NO,NO
parkeddomain.earthlink.biz,NO,NO,NO,NO,NO,NO
controlairsystems.com,NO,NO,YES,YES,YES,NO
americanstandardair.com,NO,YES,YES,YES,NO,NO
rv-www.americanstandardair.com,NO,YES,YES,NO,NO,NO
pecri.com,NO,NO,NO,NO,NO,NO
modernmech.com,NO,NO,YES,YES,YES,NO
uamservice.com,NO,NO,YES,YES,YES,NO
jbmech.com,NO,NO,NO,NO,NO,NO
bradycompanies.com,NO,NO,NO,NO,NO,NO
veteransdevelopmentcorp.com,NO,NO,YES,YES,YES,NO
bgpiping.com,NO,NO,NO,NO,NO,NO
hvacmcs.com,NO,NO,YES,YES,YES,NO
hhs-mech.com,NO,NO,NO,NO,NO,NO
nasonmechanical.com,NO,YES,YES,YES,YES,NO
justcalllink.com,NO,NO,YES,NO,NO,NO
beaconmechanical.com,NO,NO,YES,YES,YES,NO
camhvac.com,NO,NO,YES,NO,YES,NO
blmechanical.com,NO,YES,YES,NO,NO,NO
damonmechanical.com,NO,YES,YES,YES,YES,NO
buckinghamrouth.com,NO,NO,YES,YES,YES,NO
nutmegmechanical.com,NO,NO,YES,YES,NO,YES
phmechanical.com,NO,YES,YES,NO,NO,NO
sammechanical.com,NO,YES,YES,YES,YES,NO
northmechanical.net,NO,NO,YES,YES,YES,NO
sauciermechanical.com,NO,NO,YES,YES,YES,NO
norrispreble.com,NO,NO,NO,NO,NO,NO
mccormick-allum.com,NO,NO,YES,YES,YES,NO
haroldbros.com,NO,YES,YES,YES,YES,NO
commercialaircontrol.com,YES,YES,YES,YES,NO,NO
cmmoran.net,NO,NO,YES,YES,YES,NO
mancinisheetmetal.com,NO,NO,YES,YES,YES,NO
brooksidemechanical.com,NO,NO,YES,YES,NO,NO
cttempcontrols.com,NO,NO,YES,NO,NO,NO
oxfordats.com,NO,NO,NO,NO,NO,NO
muirfieldmechanical.com,NO,NO,YES,YES,YES,NO
fastco-corp.com,NO,NO,YES,YES,YES,NO
gomechanical.com,NO,YES,YES,YES,YES,NO
twtic.com,NO,NO,YES,YES,YES,YES
nectinc.com,NO,NO,NO,YES,YES,NO
lincolnenergymechanical.com,NO,NO,YES,YES,NO,NO
ardeneng.com,NO,YES,YES,YES,NO,NO
mechdesignservices.com,NO,YES,YES,YES,YES,NO
bbmsinc.com,NO,NO,YES,YES,YES,NO
jamestkay.com,NO,YES,YES,YES,YES,NO
megamechanical.com,NO,NO,YES,NO,YES,NO
donovans.org,NO,NO,NO,YES,YES,NO
oatley.com,NO,NO,YES,YES,YES,NO
msimechanical.com,NO,NO,YES,YES,YES,NO
airtechnologiesinc.com,NO,NO,NO,NO,NO,NO
interstatems.com,NO,NO,YES,NO,YES,NO
theshaffercompany.com,NO,NO,YES,YES,YES,NO
eomech.com,NO,NO,NO,NO,NO,NO
excelmechanical.com,NO,NO,YES,NO,NO,NO
mercurymechanical.com,NO,NO,YES,NO,NO,NO
sarraengineering.com,NO,YES,YES,YES,NO,NO
ne-fab.com,NO,YES,NO,YES,NO,NO
deltamechanical.com,NO,NO,YES,NO,YES,NO
olivermechanicalinc.com,NO,NO,YES,YES,YES,NO
riversidemechanicalinc.com,NO,NO,NO,NO,NO,NO
phoenixmechanical.com,NO,YES,YES,YES,YES,NO
harpcanhelpyou.com,NO,NO,YES,NO,NO,NO
advancedmechanical.net,NO,NO,YES,YES,NO,NO
stevenselectricandpump.com,NO,NO,YES,NO,YES,NO
2020air.net,NO,NO,YES,NO,NO,NO
zonemech.com,NO,YES,YES,NO,NO,NO
wnharris.com,NO,NO,NO,NO,NO,NO
sigmams.com,NO,YES,YES,NO,NO,NO
usamech.com,NO,YES,YES,YES,YES,NO
avondaair.com,NO,NO,YES,YES,YES,NO
masco-hvac.com,NO,NO,NO,NO,NO,NO
nepsi.net,NO,NO,YES,YES,YES,NO
emonds.com,NO,NO,YES,NO,YES,NO
milharmer.com,NO,NO,NO,NO,NO,NO
lrhvac.com,NO,NO,NO,YES,NO,NO
centralmechct.com,NO,NO,NO,NO,NO,NO
rockfallco.com,NO,NO,YES,NO,NO,NO
cstonemechanical.com,NO,NO,YES,NO,NO,NO
combustioninstallations.com,NO,NO,YES,YES,NO,NO
ldgcorporation.com,NO,NO,YES,YES,NO,NO
accuratemechanicalcorp.com,NO,NO,YES,NO,YES,NO
ashleyswift.com,NO,NO,NO,YES,NO,NO
wcmechanical.net,NO,NO,YES,NO,NO,NO
maineboiler.com,NO,NO,YES,YES,YES,YES
mechairne.com,NO,NO,NO,NO,YES,NO
cwclancy.com,NO,NO,YES,YES,YES,NO
energy-one.com,NO,NO,YES,YES,YES,NO
tjconway.com,NO,NO,YES,NO,YES,NO
jcoyne.com,NO,NO,NO,NO,NO,NO
rmnmechanical.biz,NO,NO,YES,NO,NO,NO
mpcservicesinc.com,NO,NO,NO,NO,NO,NO
dfplumbingandmechanical.com,NO,NO,YES,NO,NO,NO
atlanticmechman.com,NO,NO,NO,NO,NO,NO
gelinashvac.com,NO,NO,YES,YES,YES,NO
xlmechanical.com,NO,NO,YES,YES,NO,NO
mechanicalconcepts-inc.com,NO,YES,YES,YES,NO,NO
imec-us.com,NO,NO,YES,YES,YES,YES
patriotambulance.com,NO,NO,YES,NO,NO,NO
westmechanical.com,NO,NO,YES,NO,NO,NO
pdmechanical-inc.com,NO,NO,YES,YES,NO,NO
burnsmechanicalcorp.net,NO,NO,YES,NO,NO,NO
chasemechanical.com,NO,NO,YES,NO,NO,NO
rockportmechanical.com,NO,NO,YES,NO,NO,NO
elitemechanicalcontractors.com,NO,NO,YES,NO,NO,NO
alphamechanicalcorp.com,NO,NO,YES,NO,NO,NO
briggsmechanical.com,NO,NO,YES,YES,NO,NO
specialtyservicesme.com,NO,NO,NO,NO,NO,NO
spathson.com,NO,NO,NO,YES,YES,NO
generalinc.com,NO,YES,YES,YES,YES,YES
macriassociates.com,NO,NO,YES,YES,YES,NO
absolutemechanical.com,NO,NO,YES,NO,NO,NO
commercialboilersystems.com,NO,NO,NO,NO,NO,NO
morrismech.com,NO,NO,YES,YES,NO,NO
accuaireinc.com,NO,NO,YES,NO,NO,NO
mecannica.com,NO,NO,NO,NO,NO,NO
therichmangroup.com,NO,NO,NO,NO,NO,NO
brideandgrimes.com,NO,NO,NO,NO,YES,NO
